<?xml version="1.0" encoding="UTF-8"?><?xml-stylesheet type='text/xsl' href='_UpgradeReport_Files/UpgradeReport.xslt'?><UpgradeLog>
<Properties><Property Name="Solution" Value="VIP projects">
</Property><Property Name="Solution File" Value="P:\pk choudhary\VIP projects\VIP projects.sln">
</Property><Property Name="User Options File" Value="P:\pk choudhary\VIP projects\VIP projects.suo">
</Property><Property Name="Date" Value="Wednesday, March 08, 2017">
</Property><Property Name="Time" Value="22:12 PM">
</Property></Properties><Event ErrorLevel="0" Project="" Source="VIP projects.sln" Description="File successfully backed up as P:\pk choudhary\VIP projects\Backup\VIP projects.sln">
</Event><Event ErrorLevel="0" Project="" Source="VIP projects.suo" Description="File successfully backed up as P:\pk choudhary\VIP projects\Backup\VIP projects.suo">
</Event><Event ErrorLevel="4" Project="VIP projects" Source="http://go.microsoft.com/fwlink/?LinkId=159919" Description="Warning: this project requires Crystal Reports, which is no longer included with Visual Studio. Please click here for more information.">
</Event><Event ErrorLevel="0" Project="VIP projects" Source="VIP projects\VIP projects.vbproj" Description="Project file successfully backed up as P:\pk choudhary\VIP projects\Backup\VIP projects\VIP projects.vbproj">
</Event><Event ErrorLevel="0" Project="VIP projects" Source="VIP projects\Addaccount.Designer.vb" Description="File successfully backed up as P:\pk choudhary\VIP projects\Backup\VIP projects\Addaccount.Designer.vb">
</Event><Event ErrorLevel="0" Project="VIP projects" Source="VIP projects\Addaccount.vb" Description="File successfully backed up as P:\pk choudhary\VIP projects\Backup\VIP projects\Addaccount.vb">
</Event><Event ErrorLevel="0" Project="VIP projects" Source="VIP projects\ADMIN.Designer.vb" Description="File successfully backed up as P:\pk choudhary\VIP projects\Backup\VIP projects\ADMIN.Designer.vb">
</Event><Event ErrorLevel="0" Project="VIP projects" Source="VIP projects\ADMIN.vb" Description="File successfully backed up as P:\pk choudhary\VIP projects\Backup\VIP projects\ADMIN.vb">
</Event><Event ErrorLevel="0" Project="VIP projects" Source="VIP projects\astock.Designer.vb" Description="File successfully backed up as P:\pk choudhary\VIP projects\Backup\VIP projects\astock.Designer.vb">
</Event><Event ErrorLevel="0" Project="VIP projects" Source="VIP projects\astock.vb" Description="File successfully backed up as P:\pk choudhary\VIP projects\Backup\VIP projects\astock.vb">
</Event><Event ErrorLevel="0" Project="VIP projects" Source="VIP projects\cs account.Designer.vb" Description="File successfully backed up as P:\pk choudhary\VIP projects\Backup\VIP projects\cs account.Designer.vb">
</Event><Event ErrorLevel="0" Project="VIP projects" Source="VIP projects\cs account.vb" Description="File successfully backed up as P:\pk choudhary\VIP projects\Backup\VIP projects\cs account.vb">
</Event><Event ErrorLevel="0" Project="VIP projects" Source="VIP projects\distbuter.Designer.vb" Description="File successfully backed up as P:\pk choudhary\VIP projects\Backup\VIP projects\distbuter.Designer.vb">
</Event><Event ErrorLevel="0" Project="VIP projects" Source="VIP projects\distbuter.vb" Description="File successfully backed up as P:\pk choudhary\VIP projects\Backup\VIP projects\distbuter.vb">
</Event><Event ErrorLevel="0" Project="VIP projects" Source="VIP projects\Form1.vb" Description="File successfully backed up as P:\pk choudhary\VIP projects\Backup\VIP projects\Form1.vb">
</Event><Event ErrorLevel="0" Project="VIP projects" Source="VIP projects\Form1.Designer.vb" Description="File successfully backed up as P:\pk choudhary\VIP projects\Backup\VIP projects\Form1.Designer.vb">
</Event><Event ErrorLevel="0" Project="VIP projects" Source="VIP projects\Form2.Designer.vb" Description="File successfully backed up as P:\pk choudhary\VIP projects\Backup\VIP projects\Form2.Designer.vb">
</Event><Event ErrorLevel="0" Project="VIP projects" Source="VIP projects\Form2.vb" Description="File successfully backed up as P:\pk choudhary\VIP projects\Backup\VIP projects\Form2.vb">
</Event><Event ErrorLevel="0" Project="VIP projects" Source="VIP projects\Form3.Designer.vb" Description="File successfully backed up as P:\pk choudhary\VIP projects\Backup\VIP projects\Form3.Designer.vb">
</Event><Event ErrorLevel="0" Project="VIP projects" Source="VIP projects\Form3.vb" Description="File successfully backed up as P:\pk choudhary\VIP projects\Backup\VIP projects\Form3.vb">
</Event><Event ErrorLevel="0" Project="VIP projects" Source="VIP projects\My Project\AssemblyInfo.vb" Description="File successfully backed up as P:\pk choudhary\VIP projects\Backup\VIP projects\My Project\AssemblyInfo.vb">
</Event><Event ErrorLevel="0" Project="VIP projects" Source="VIP projects\My Project\Application.Designer.vb" Description="File successfully backed up as P:\pk choudhary\VIP projects\Backup\VIP projects\My Project\Application.Designer.vb">
</Event><Event ErrorLevel="0" Project="VIP projects" Source="VIP projects\My Project\Resources.Designer.vb" Description="File successfully backed up as P:\pk choudhary\VIP projects\Backup\VIP projects\My Project\Resources.Designer.vb">
</Event><Event ErrorLevel="0" Project="VIP projects" Source="VIP projects\My Project\Settings.Designer.vb" Description="File successfully backed up as P:\pk choudhary\VIP projects\Backup\VIP projects\My Project\Settings.Designer.vb">
</Event><Event ErrorLevel="0" Project="VIP projects" Source="VIP projects\NETWORK.Designer.vb" Description="File successfully backed up as P:\pk choudhary\VIP projects\Backup\VIP projects\NETWORK.Designer.vb">
</Event><Event ErrorLevel="0" Project="VIP projects" Source="VIP projects\NETWORK.vb" Description="File successfully backed up as P:\pk choudhary\VIP projects\Backup\VIP projects\NETWORK.vb">
</Event><Event ErrorLevel="0" Project="VIP projects" Source="VIP projects\new connection.Designer.vb" Description="File successfully backed up as P:\pk choudhary\VIP projects\Backup\VIP projects\new connection.Designer.vb">
</Event><Event ErrorLevel="0" Project="VIP projects" Source="VIP projects\new connection.vb" Description="File successfully backed up as P:\pk choudhary\VIP projects\Backup\VIP projects\new connection.vb">
</Event><Event ErrorLevel="0" Project="VIP projects" Source="VIP projects\form4.Designer.vb" Description="File successfully backed up as P:\pk choudhary\VIP projects\Backup\VIP projects\form4.Designer.vb">
</Event><Event ErrorLevel="0" Project="VIP projects" Source="VIP projects\form4.vb" Description="File successfully backed up as P:\pk choudhary\VIP projects\Backup\VIP projects\form4.vb">
</Event><Event ErrorLevel="0" Project="VIP projects" Source="VIP projects\vipDataSet.Designer.vb" Description="File successfully backed up as P:\pk choudhary\VIP projects\Backup\VIP projects\vipDataSet.Designer.vb">
</Event><Event ErrorLevel="0" Project="VIP projects" Source="VIP projects\vipDataSet1.Designer.vb" Description="File successfully backed up as P:\pk choudhary\VIP projects\Backup\VIP projects\vipDataSet1.Designer.vb">
</Event><Event ErrorLevel="0" Project="VIP projects" Source="VIP projects\vipDataSet2.Designer.vb" Description="File successfully backed up as P:\pk choudhary\VIP projects\Backup\VIP projects\vipDataSet2.Designer.vb">
</Event><Event ErrorLevel="0" Project="VIP projects" Source="VIP projects\vipDataSet3.Designer.vb" Description="File successfully backed up as P:\pk choudhary\VIP projects\Backup\VIP projects\vipDataSet3.Designer.vb">
</Event><Event ErrorLevel="0" Project="VIP projects" Source="VIP projects\vipDataSet4.Designer.vb" Description="File successfully backed up as P:\pk choudhary\VIP projects\Backup\VIP projects\vipDataSet4.Designer.vb">
</Event><Event ErrorLevel="0" Project="VIP projects" Source="VIP projects\vipDataSet5.Designer.vb" Description="File successfully backed up as P:\pk choudhary\VIP projects\Backup\VIP projects\vipDataSet5.Designer.vb">
</Event><Event ErrorLevel="0" Project="VIP projects" Source="VIP projects\wherehousevb.Designer.vb" Description="File successfully backed up as P:\pk choudhary\VIP projects\Backup\VIP projects\wherehousevb.Designer.vb">
</Event><Event ErrorLevel="0" Project="VIP projects" Source="VIP projects\wherehousevb.vb" Description="File successfully backed up as P:\pk choudhary\VIP projects\Backup\VIP projects\wherehousevb.vb">
</Event><Event ErrorLevel="0" Project="VIP projects" Source="VIP projects\My Project\Application.myapp" Description="File successfully backed up as P:\pk choudhary\VIP projects\Backup\VIP projects\My Project\Application.myapp">
</Event><Event ErrorLevel="0" Project="VIP projects" Source="VIP projects\My Project\Settings.settings" Description="File successfully backed up as P:\pk choudhary\VIP projects\Backup\VIP projects\My Project\Settings.settings">
</Event><Event ErrorLevel="0" Project="VIP projects" Source="VIP projects\app.config" Description="File successfully backed up as P:\pk choudhary\VIP projects\Backup\VIP projects\app.config">
</Event><Event ErrorLevel="0" Project="VIP projects" Source="VIP projects\Resources\IMG_20151119_144125.jpg" Description="File successfully backed up as P:\pk choudhary\VIP projects\Backup\VIP projects\Resources\IMG_20151119_144125.jpg">
</Event><Event ErrorLevel="0" Project="VIP projects" Source="VIP projects\Resources\download (1)1.jpg" Description="File successfully backed up as P:\pk choudhary\VIP projects\Backup\VIP projects\Resources\download (1)1.jpg">
</Event><Event ErrorLevel="0" Project="VIP projects" Source="VIP projects\Resources\download (1).jpg" Description="File successfully backed up as P:\pk choudhary\VIP projects\Backup\VIP projects\Resources\download (1).jpg">
</Event><Event ErrorLevel="0" Project="VIP projects" Source="VIP projects\Resources\GOD-036.JPG" Description="File successfully backed up as P:\pk choudhary\VIP projects\Backup\VIP projects\Resources\GOD-036.JPG">
</Event><Event ErrorLevel="0" Project="VIP projects" Source="VIP projects\Resources\hanuman-heart-rama-sita1.jpg" Description="File successfully backed up as P:\pk choudhary\VIP projects\Backup\VIP projects\Resources\hanuman-heart-rama-sita1.jpg">
</Event><Event ErrorLevel="0" Project="VIP projects" Source="VIP projects\Resources\download (5).jpg" Description="File successfully backed up as P:\pk choudhary\VIP projects\Backup\VIP projects\Resources\download (5).jpg">
</Event><Event ErrorLevel="0" Project="VIP projects" Source="VIP projects\Resources\download (2).jpg" Description="File successfully backed up as P:\pk choudhary\VIP projects\Backup\VIP projects\Resources\download (2).jpg">
</Event><Event ErrorLevel="0" Project="VIP projects" Source="VIP projects\Resources\hanuman-heart-rama-sita.jpg" Description="File successfully backed up as P:\pk choudhary\VIP projects\Backup\VIP projects\Resources\hanuman-heart-rama-sita.jpg">
</Event><Event ErrorLevel="0" Project="VIP projects" Source="VIP projects\Resources\LOGO.jpg" Description="File successfully backed up as P:\pk choudhary\VIP projects\Backup\VIP projects\Resources\LOGO.jpg">
</Event><Event ErrorLevel="0" Project="VIP projects" Source="VIP projects\vipDataSet.xsc" Description="File successfully backed up as P:\pk choudhary\VIP projects\Backup\VIP projects\vipDataSet.xsc">
</Event><Event ErrorLevel="0" Project="VIP projects" Source="VIP projects\vipDataSet.xsd" Description="File successfully backed up as P:\pk choudhary\VIP projects\Backup\VIP projects\vipDataSet.xsd">
</Event><Event ErrorLevel="0" Project="VIP projects" Source="VIP projects\vipDataSet.xss" Description="File successfully backed up as P:\pk choudhary\VIP projects\Backup\VIP projects\vipDataSet.xss">
</Event><Event ErrorLevel="0" Project="VIP projects" Source="VIP projects\vipDataSet1.xsc" Description="File successfully backed up as P:\pk choudhary\VIP projects\Backup\VIP projects\vipDataSet1.xsc">
</Event><Event ErrorLevel="0" Project="VIP projects" Source="VIP projects\vipDataSet1.xsd" Description="File successfully backed up as P:\pk choudhary\VIP projects\Backup\VIP projects\vipDataSet1.xsd">
</Event><Event ErrorLevel="0" Project="VIP projects" Source="VIP projects\vipDataSet1.xss" Description="File successfully backed up as P:\pk choudhary\VIP projects\Backup\VIP projects\vipDataSet1.xss">
</Event><Event ErrorLevel="0" Project="VIP projects" Source="VIP projects\vipDataSet2.xsc" Description="File successfully backed up as P:\pk choudhary\VIP projects\Backup\VIP projects\vipDataSet2.xsc">
</Event><Event ErrorLevel="0" Project="VIP projects" Source="VIP projects\vipDataSet2.xsd" Description="File successfully backed up as P:\pk choudhary\VIP projects\Backup\VIP projects\vipDataSet2.xsd">
</Event><Event ErrorLevel="0" Project="VIP projects" Source="VIP projects\vipDataSet2.xss" Description="File successfully backed up as P:\pk choudhary\VIP projects\Backup\VIP projects\vipDataSet2.xss">
</Event><Event ErrorLevel="0" Project="VIP projects" Source="VIP projects\vipDataSet3.xsc" Description="File successfully backed up as P:\pk choudhary\VIP projects\Backup\VIP projects\vipDataSet3.xsc">
</Event><Event ErrorLevel="0" Project="VIP projects" Source="VIP projects\vipDataSet3.xsd" Description="File successfully backed up as P:\pk choudhary\VIP projects\Backup\VIP projects\vipDataSet3.xsd">
</Event><Event ErrorLevel="0" Project="VIP projects" Source="VIP projects\vipDataSet3.xss" Description="File successfully backed up as P:\pk choudhary\VIP projects\Backup\VIP projects\vipDataSet3.xss">
</Event><Event ErrorLevel="0" Project="VIP projects" Source="VIP projects\vipDataSet4.xsc" Description="File successfully backed up as P:\pk choudhary\VIP projects\Backup\VIP projects\vipDataSet4.xsc">
</Event><Event ErrorLevel="0" Project="VIP projects" Source="VIP projects\vipDataSet4.xsd" Description="File successfully backed up as P:\pk choudhary\VIP projects\Backup\VIP projects\vipDataSet4.xsd">
</Event><Event ErrorLevel="0" Project="VIP projects" Source="VIP projects\vipDataSet4.xss" Description="File successfully backed up as P:\pk choudhary\VIP projects\Backup\VIP projects\vipDataSet4.xss">
</Event><Event ErrorLevel="0" Project="VIP projects" Source="VIP projects\vipDataSet5.xsc" Description="File successfully backed up as P:\pk choudhary\VIP projects\Backup\VIP projects\vipDataSet5.xsc">
</Event><Event ErrorLevel="0" Project="VIP projects" Source="VIP projects\vipDataSet5.xsd" Description="File successfully backed up as P:\pk choudhary\VIP projects\Backup\VIP projects\vipDataSet5.xsd">
</Event><Event ErrorLevel="0" Project="VIP projects" Source="VIP projects\vipDataSet5.xss" Description="File successfully backed up as P:\pk choudhary\VIP projects\Backup\VIP projects\vipDataSet5.xss">
</Event><Event ErrorLevel="0" Project="VIP projects" Source="VIP projects\IMAGE\hanuman-wallpaper.jpg" Description="File successfully backed up as P:\pk choudhary\VIP projects\Backup\VIP projects\IMAGE\hanuman-wallpaper.jpg">
</Event><Event ErrorLevel="0" Project="VIP projects" Source="VIP projects\Addaccount.resx" Description="File successfully backed up as P:\pk choudhary\VIP projects\Backup\VIP projects\Addaccount.resx">
</Event><Event ErrorLevel="0" Project="VIP projects" Source="VIP projects\ADMIN.resx" Description="File successfully backed up as P:\pk choudhary\VIP projects\Backup\VIP projects\ADMIN.resx">
</Event><Event ErrorLevel="0" Project="VIP projects" Source="VIP projects\astock.resx" Description="File successfully backed up as P:\pk choudhary\VIP projects\Backup\VIP projects\astock.resx">
</Event><Event ErrorLevel="0" Project="VIP projects" Source="VIP projects\cs account.resx" Description="File successfully backed up as P:\pk choudhary\VIP projects\Backup\VIP projects\cs account.resx">
</Event><Event ErrorLevel="0" Project="VIP projects" Source="VIP projects\distbuter.resx" Description="File successfully backed up as P:\pk choudhary\VIP projects\Backup\VIP projects\distbuter.resx">
</Event><Event ErrorLevel="0" Project="VIP projects" Source="VIP projects\Form1.resx" Description="File successfully backed up as P:\pk choudhary\VIP projects\Backup\VIP projects\Form1.resx">
</Event><Event ErrorLevel="0" Project="VIP projects" Source="VIP projects\Form2.resx" Description="File successfully backed up as P:\pk choudhary\VIP projects\Backup\VIP projects\Form2.resx">
</Event><Event ErrorLevel="0" Project="VIP projects" Source="VIP projects\Form3.resx" Description="File successfully backed up as P:\pk choudhary\VIP projects\Backup\VIP projects\Form3.resx">
</Event><Event ErrorLevel="0" Project="VIP projects" Source="VIP projects\My Project\Resources.resx" Description="File successfully backed up as P:\pk choudhary\VIP projects\Backup\VIP projects\My Project\Resources.resx">
</Event><Event ErrorLevel="0" Project="VIP projects" Source="VIP projects\NETWORK.resx" Description="File successfully backed up as P:\pk choudhary\VIP projects\Backup\VIP projects\NETWORK.resx">
</Event><Event ErrorLevel="0" Project="VIP projects" Source="VIP projects\new connection.resx" Description="File successfully backed up as P:\pk choudhary\VIP projects\Backup\VIP projects\new connection.resx">
</Event><Event ErrorLevel="0" Project="VIP projects" Source="VIP projects\form4.resx" Description="File successfully backed up as P:\pk choudhary\VIP projects\Backup\VIP projects\form4.resx">
</Event><Event ErrorLevel="0" Project="VIP projects" Source="VIP projects\wherehousevb.resx" Description="File successfully backed up as P:\pk choudhary\VIP projects\Backup\VIP projects\wherehousevb.resx">
</Event><Event ErrorLevel="1" Project="VIP projects" Source="VIP projects\VIP projects.vbproj" Description="Your project is targeting .NET Framework 2.0 or 3.0. If your project uses assemblies requiring a newer .NET Framework, your project will fail to build. You can change the .NET Framework version by clicking Properties on the project menu and then selecting a new version in the '.NET Framework' dropdown box. (In Visual Basic, this is located on the Compile tab by clicking the 'Advanced Compiler Options...' button.)">
</Event><Event ErrorLevel="0" Project="VIP projects" Source="VIP projects\VIP projects.vbproj" Description="Project converted successfully">
</Event><Event ErrorLevel="3" Project="VIP projects" Source="VIP projects\VIP projects.vbproj" Description="Converted">
</Event><Event ErrorLevel="0" Project="" Source="VIP projects.sln" Description="Solution converted successfully">
</Event><Event ErrorLevel="3" Project="" Source="VIP projects.sln" Description="Converted">
</Event><Event ErrorLevel="0" Project="VIP projects" Source="VIP projects\VIP projects.vbproj" Description="Scan complete: Upgrade not required for project files.">
</Event></UpgradeLog>